{
  "r2_score": 0.9988710242518938,
  "rmse": 362.7621043573402,
  "mae": 269.8247626079776
}