{
  "r2_score": 0.9989104631747048,
  "rmse": 331.77229613914983,
  "mae": 265.9410124747984
}