{
  "r2_score": 0.9987892830055265,
  "rmse": 373.73493478134645,
  "mae": 282.5861869480299
}