{
  "rmse": 362.7621043573402,
  "mae": 269.8247626079776
}